asv,Kingdom,Phylum,Class,Order,Family,Genus,Species,Taxonomy,sequence
ASV1,Bacteria,Firmicutes,Bacilli,Lactobacillales,Enterococcaceae,Enterococcus,NA,g:Enterococcus,TACGTAGGTGGCAAGCGTTGTCCGGATTTATTGGGCGTAAAGCGAGCGCAGGCGGTTTCTTAAGTCTGATGTGAAAGCCCCCGGCTCAACCGGGGAGGGTCATTGGAAACTGGGAGACTTGAGTGCAGAAGAGGAGAGTGGAATTCCATGTGTAGCGGTGAAATGCGTAGATATATGGAGGAACACCAGTGGCGAAGGCGGCTCTCTGGTCTGTAACTGACGCTGAGGCTCGAAAGCGTGGGGAGCAAACAGG
ASV2,Bacteria,Proteobacteria,Gammaproteobacteria,Vibrionales,Vibrionaceae,NA,NA,f:Vibrionaceae,TACGGAGGGTGCGAGCGTTAATCGGAATTACTGGGCGTAAAGCGCATGCAGGCGGTTTGTTAAGCAAGATGTGAAAGCCCCGGGCTTAACCTGGGAGTTGCATTTTGAACTGGCAAGCTAGAGTCTTGTAGAGGGGGGTAGAATTTCAGGTGTAGCGGTGAAATGCGTAGAGATCTGAAGGAATACCGGTGGCGAAGGCGGCCCCCTGGACAAAGACTGACGCTCAGATGCGAAAGCGTGGGGAGCAAACAGG
ASV3,Bacteria,Firmicutes,Bacilli,Mycoplasmatales,Mycoplasmataceae,Mycoplasma,NA,g:Mycoplasma,TACATAGGATGCAAGCGTTATCCGGATTTACTGGGCGTAAAGCGAGCGCAGGCGGATTTACAAGTCTGATGTGAAAGACAACTGCTTAACGGTTGTTTGCATTGGAAACTGTAAGTCTAGAGTATAGTAGAGAGTTTTGGAACTCCATGTGGAGCGGTGGAATGCGTAGATATATGGAAGAACACCAGAGGCGAAGGCGAAAACTTAGGCTATAACTGACGCTTAGGCTCGAAAGTGTGGGGAGCAAATAGG
ASV5,Bacteria,Proteobacteria,Gammaproteobacteria,Vibrionales,Vibrionaceae,Vibrio,NA,g:Vibrio,TACGGAGGGTGCGAGCGTTAATCGGAATTACTGGGCGTAAAGCGCATGCAGGTGGTTCATTAAGTCAGATGTGAAAGCCCGGGGCTCAACCTCGGAACTGCATTTGAAACTGGTGAACTAGAGTACTGTAGAGGGGGGTAGAATTTCAGGTGTAGCGGTGAAATGCGTAGAGATCTGAAGGAATACCAGTGGCGAAGGCGGCCCCCTGGACAGATACTGACACTCAGATGCGAAAGCGTGGGGAGCAAACAGG
ASV10,Bacteria,Firmicutes,Bacilli,Mycoplasmatales,Mycoplasmataceae,NA,NA,f:Mycoplasmataceae,TACGTAGGTGGCAAGCATTATCCGGAATTATTGGGTGTAAAGGGAGCGTAGACGGTTTTATAAGTCTAAGGTTAAATATATGGGCTCAACCCATATCCGCCTTAGAAACTATAAATCTAGAATGTGATAGAGGTCAATGGAATTCCACATGTAGCGGTGGAATGCATAGATATGTGGAGGAACACCAATTGCGAAGGCAGTTGACTGGGTCACTATTGACGTTGAGGCTCGAAAGCATGGGGAGCAAATAGG
ASV13,Bacteria,Proteobacteria,Gammaproteobacteria,Vibrionales,Vibrionaceae,Vibrio,NA,g:Vibrio,TACGGAGGGTGCGAGCGTTAATCGGAATTACTGGGCGTAAAGCGCATGCAGGTGGTTTGTTAAGTCAGATGTGAAAGCCCGGGGCTCAACCTCGGAATTGCATTTGAAACTGGCAGACTAGAGTACTGTAGAGGGGGGTAGAATTTCAGGTGTAGCGGTGAAATGCGTAGAGATCTGAAGGAATACCGGTGGCGAAGGCGGCCCCCTGGACAGATACTGACACTCAGATGCGAAAGCGTGGGGAGCAAACAGG
ASV14,Bacteria,Firmicutes,Bacilli,Lactobacillales,Streptococcaceae,Lactococcus,formosensis/garvieae,Lactococcus formosensis/garvieae,TACGTAGGTCCCAAGCGTTGTCCGGATTTATTGGGCGTAAAGCGAGCGCAGGTGGTTTCTTAAGTCTGATGTAAAAGGCAGTGGCTCAACCATTGTGTGCATTGGAAACTGGGAGACTTGAGTGCAGGAGAGGAGAGTGGAATTCCATGTGTAGCGGTGAAATGCGTAGATATATGGAGGAACACCGGAGGCGAAAGCGGCTCTCTGGCCTGTAACTGACACTGAGGCTCGAAAGCGTGGGGAGCAAACAGG
ASV15,Bacteria,Firmicutes,Clostridia,Clostridiales,Clostridiaceae,Clostridium_sensu_stricto_1,perfringens/thermophilus,Clostridium_sensu_stricto_1 perfringens/thermophilus,TACGTAGGTGGCGAGCGTTATCCGGATTTACTGGGCGTAAAGGGAGCGTAGGCGGATGATTAAGTGGGATGTGAAATACCCGGGCTCAACTTGGGTGCTGCATTCCAAACTGGTTATCTAGAGTGCAGGAGAGGAGAGTGGAATTCCTAGTGTAGCGGTGAAATGCGTAGAGATTAGGAAGAACACCAGTGGCGAAGGCGACTCTCTGGACTGTAACTGACGCTGAGGCTCGAAAGCGTGGGGAGCAAACAGG
ASV16,Bacteria,Firmicutes,Bacilli,Lactobacillales,Leuconostocaceae,Weissella,NA,g:Weissella,TACGTATGTTCCAAGCGTTATCCGGATTTATTGGGCGTAAAGCGAGCGCAGACGGTTATTTAAGTCTGAAGTGAAAGCCCTCAGCTCAACTGAGGAATTGCTTTGGAAACTGGATGACTTGAGTGCAGTAGAGGAAAGTGGAACTCCATGTGTAGCGGTGAAATGCGTAGATATATGGAAGAACACCAGTGGCGAAGGCGGCTTTCTGGACTGTAACTGACGTTGAGGCTCGAAAGTGTGGGTAGCAAACAGG
ASV18,Bacteria,Proteobacteria,Gammaproteobacteria,Vibrionales,Vibrionaceae,Aliivibrio,NA,g:Aliivibrio,TACGGAGGGTGCGAGCGTTAATCGGAATTACTGGGCGTAAAGCGCATGCAGGTGGTTCATTAAGTCAGATGTGAAAGCCCGGGGCTCAACCTCGGAACTGCATTTGAAACTGGTGAACTAGAGTGCTGTAGAGGGGGGTAGAATTTCAGGTGTAGCGGTGAAATGCGTAGAGATCTGAAGGAATACCAGTGGCGAAGGCGGCCCCCTGGACAGACACTGACACTCAGATGCGAAAGCGTGGGGAGCAAACAGG
ASV20,Bacteria,Proteobacteria,Gammaproteobacteria,Enterobacterales,Enterobacteriaceae,Escherichia/Shigella,NA,g:Escherichia/Shigella,TACGGAGGGTGCAAGCGTTAATCGGAATTACTGGGCGTAAAGCGCACGCAGGCGGTTTGTTAAGTCAGATGTGAAATCCCCGGGCTCAACCTGGGAACTGCATCTGATACTGGCAAGCTTGAGTCTCGTAGAGGGGGGTAGAATTCCAGGTGTAGCGGTGAAATGCGTAGAGATCTGGAGGAATACCGGTGGCGAAGGCGGCCCCCTGGACGAAGACTGACGCTCAGGTGCGAAAGCGTGGGGAGCAAACAGG
ASV26,Bacteria,Firmicutes,Bacilli,Mycoplasmatales,Mycoplasmataceae,Mycoplasma,NA,g:Mycoplasma,TACATAGGTCGCAAGCGTTATCCGGAATTATTGGGCGTAAAGCGTTCGTAGGCGGTTTATTAAGTCTGAAGTTAAAGCCTGGTGCTCAACACCAGTACGCTTTGGATACTGATAAACTAGAGTTATATAGAGGTTAGTGGAATTCCATGTGAAGTGGTGGAATACGTAGATATATGGAAGAACACCAATGGCGAAGGCAACTAACTGGATATATACTGACGCTCAGGAACGAAAGCGTGGGTAGCAAACAGG
ASV43,Bacteria,Proteobacteria,Gammaproteobacteria,Vibrionales,Vibrionaceae,Photobacterium,NA,g:Photobacterium,TACGGAGGGTGCGAGCGTTAATCGGAATTACTGGGCGTAAAGCGCATGCAGGCGGTCTGTTAAGCAAGATGTGAAAGCCCGGGGCTCAACCTCGGAACAGCATTTTGAACTGGCAGACTAGAGTCTTGTAGAGGGGGGTAGAATTTCAGGTGTAGCGGTGAAATGCGTAGAGATCTGAAGGAATACCGGTGGCGAAGGCGGCCCCCTGGACAAAGACTGACGCTCAGATGCGAAAGCGTGGGGAGCAAACAGG
ASV45,Bacteria,Firmicutes,Bacilli,Lactobacillales,Streptococcaceae,Lactococcus,garvieae/lactis,Lactococcus garvieae/lactis,TACGTAGGTCCCGAGCGTTGTCCGGATTTATTGGGCGTAAAGCGAGCGCAGGTGGTTTATTAAGTCTGGTGTAAAAGGCAGTGGCTCAACCATTGTATGCATTGGAAACTGGTAGACTTGAGTGCAGGAGAGGAGAGTGGAATTCCATGTGTAGCGGTGAAATGCGTAGATATATGGAGGAACACCGGTGGCGAAAGCGGCTCTCTGGCCTGTAACTGACACTGAGGCTCGAAAGCGTGGGGAGCAAACAGG
ASV79,Bacteria,Fusobacteriota,Fusobacteriia,Fusobacteriales,Fusobacteriaceae,Propionigenium,NA,g:Propionigenium,TACGTATGTCGCAAGCGTTATCCGGAATTATTGGGCGTAAAGCGCGTCTAGGCGGTCTTTTAAGTCTGATGTTAAAATGCGGGGCTCAACTCCGTATTGCGTTGGAAACTGGAAGACTAGAGTATCAGAGAGGTGGGCGGAACTACAAGTGTAGAGGTGAAATTCGTAGATATTTGTAGGAATGCCGATTGGGAAGCCAGCTCACTGGATGAATACTGACGCTGAAGCGCGAAAGCGTGGGGAGCAAACGGG
ASV82,Bacteria,Planctomycetota,Planctomycetes,Pirellulales,Pirellulaceae,Rubripirellula,NA,g:Rubripirellula,GACGAACCGTCCAAACGTTATTCGGTATCACTGGGCTTAAAGCGTGCGTAGGCGGCTTGGTAGGTGAGATGTGAAAGCCCACGGCTCAACCGTGGAATTGCGTTTCAAACCCCCAAGCTCGAGGAAGATAGGGGTGATGGGAACTTATGGTGGAGCGGTGAAATGCGTTGATATCATAGGGAACACCGGTGGCGAAAGCGCATCACTGGATCTTTTCTGACGCTGAGGCACGAAAGCTAGGGTAGCGAACGGG
ASV102,Bacteria,Bacteroidota,Bacteroidia,Flavobacteriales,Weeksellaceae,Bergeyella,NA,g:Bergeyella,TACGGAGGGTGCAAGCGTTATCCGGATTTATTGGGTTTAAAGGGTCCGTAGGCGGATTAGTAAGTCAGTGGTGAAAGCCCGCAGCTCAACTGTGGAACTGCCATTGATACTGCTAGTCTTGAGTGTAGTTGAAGTAGCTGGAATGAGTAGTGTAGCGGTGAAATGCATAGATATTACTCAGAACACCAATTGCGAAGGCAGGTTACTAAGTTACAACTGACGCTGATGGACGAAAGCGTGGGGAGCGAACAGG
ASV112,Bacteria,Proteobacteria,Alphaproteobacteria,Rickettsiales,Mitochondria,NA,NA,f:Mitochondria,GACGGGGGGGGCAAGTGTTCTTCGGAATGACTGGGCGTAAAGGGCACGTAGGCGGTGAATCGGGTTGAAAGTGAAAGTCGCCAAAAAGTGGCGGAATGCTCTCGAAACCAATTCACTTGAGTGAGACAGAGGAGAGTGGAATTTCGTGTGTAGGGGTGAAATCCGTAGATCTACGAAGGAACGCCAAAAGCGAAGGCAGCTCTCTGGGTCCCTACCGACGCTGGGGTGCGAAAGCATGGGGAGCGAACAGG
ASV172,Bacteria,Proteobacteria,Gammaproteobacteria,Alteromonadales,Pseudoalteromonadaceae,Pseudoalteromonas,NA,g:Pseudoalteromonas,TACGGAGGGTGCGAGCGTTAATCGGAATTACTGGGCGTAAAGCGTACGCAGGCGGTTTGTTAAGCGAGATGTGAAAGCCCCGGGCTCAACCTGGGAACTGCATTTCGAACTGGCAAACTAGAGTGTGATAGAGGGTGGTAGAATTTCAGGTGTAGCGGTGAAATGCGTAGAGATCTGAAGGAATACCGATGGCGAAGGCAGCCACCTGGGTCAACACTGACGCTCATGTACGAAAGCGTGGGGAGCAAACAGG
ASV181,Bacteria,Actinobacteriota,Actinobacteria,Corynebacteriales,Corynebacteriaceae,Corynebacterium,diphtheriae/vitaeruminis,Corynebacterium diphtheriae/vitaeruminis,TACGTAGGGTGCGAGCGTTGTCCGGAATTACTGGGCGTAAAGAGCTCGTAGGTGGTTTGTCGCGTCGTCTGTGAAATTCCGGGGCTTAACTTCGGGCGTGCAGGCGATACGGGCATAACTTGAGTGCTGTAGGGGAGACTGGAATTCCTGGTGTAGCGGTGGAATGCGCAGATATCAGGAGGAACACCGATGGCGAAGGCAGGTCTCTGGGCAGTAACTGACGCTGAGGAGCGAAAGCATGGGGAGCGAACAGG
ASV197,Bacteria,Proteobacteria,Alphaproteobacteria,Rhodobacterales,Rhodobacteraceae,NA,NA,f:Rhodobacteraceae,TACGGAGGGGGTTAGCGTTGTTCGGAATTACTGGGCGTAAAGCGCACGTAGGCGGATTGGAAAGTATGGGGTGAAATCCCAGGGCTCAACCCTGGAACTGCCTCATAAACTCCCAGTCTTGAGTTCGAGAGAGGTGAGTGGAATTCCGAGTGTAGAGGTGAAATTCGTAGATATTCGGAGGAACACCAGTGGCGAAGGCGGCTCACTGGCTCGATACTGACGCTGAGGTGCGAAAGTGTGGGGAGCAAACAGG
ASV201,Bacteria,Proteobacteria,Alphaproteobacteria,Rhizobiales,Rhizobiaceae,Ahrensia,kielensis/marina,Ahrensia kielensis/marina,TACGAAGGGGGCTAGCGTTGTTCGGAATTACTGGGCGTAAAGCGCACGTAGGCGGATTGATCAGTTAGAGGTGAAATCCCGGGGCTCAACCCCGGAACTGCCTTTAATACTGTCAGTCTAGAGATCGAGAGAGGTGAGTGGAATTCCGAGTGTAGAGGTGAAATTCGTAGATATTCGGAGGAACACCAGTGGCGAAGGCGGCTCACTGGCTCGATACTGACGCTGAGGTGCGAAAGCGTGGGGAGCAAACAGG
ASV202,Bacteria,Firmicutes,Bacilli,Staphylococcales,Staphylococcaceae,Macrococcus,NA,g:Macrococcus,TACGTAGGTGGCAAGCGTTATCCGGAATTATTGGGCGTAAAGCGCGCGTAGGCGGTCTCTTAAGTCTGATGTGAAAGCCCCCGGCTCAACCGGGGAGGGTCATTGGAAACTGGGAGACTTGAGTGCAGAAGAGGAGAGTGGAATTCCATGTGTAGCGGTGAAATGCGCAGAGATATGGAGGAACACCAGTGGCGAAGGCGGCTCTCTGGTCTGTAACTGACGCTGAGGTGCGAAAGCGTGGGGATCAAACAGG
ASV213,Bacteria,Proteobacteria,Alphaproteobacteria,Rhodobacterales,Rhodobacteraceae,Litoreibacter,NA,g:Litoreibacter,TACGGAGGGGGTTAGCGTTGTTCGGAATTACTGGGCGTAAAGCGTACGTAGGCGGATTAGTCAGTCAGAGGTGAAATCCCAGGGCTCAACCCTGGAACTGCCTTTGATACTGCTAGTCTTGAGTTCGAGAGAGGTGAGTGGAATTCCAAGTGTAGAGGTGAAATTCGTAGATATTTGGAGGAACACCAGTGGCGAAGGCGGCTCACTGGCTCGATACTGACGCTGAGGTACGAAAGTGTGGGGAGCAAACAGG
ASV241,Bacteria,Actinobacteriota,Acidimicrobiia,Microtrichales,Ilumatobacteraceae,Ilumatobacter,nonamiensis,Ilumatobacter nonamiensis,CACGTAGGCACCAAGCGTTATCCGGATTTATTGGGCGTAAAGAGCTCGTAGGCGGTTCAGTCAGTCGGGTGTGAAAACTTGAGGCTTAACCTCAAGAGGTCACTCGATACTACTGTGACTAGAGTGCGGTAGGGGAGCGGGGAATTCCTGGTGTAGCGGTGAAATGCGCAGATATCAGGAGGAACACCAGTGGCGAAGGCGCCGCTCTGGGCCGTAACTGACGCTGAGGAGCGAAAGCATGGGTAGCAAACAGG
ASV243,Bacteria,Proteobacteria,Alphaproteobacteria,Rhodobacterales,Rhodobacteraceae,Sedimentitalea,NA,g:Sedimentitalea,TACGGAGGGGGTTAGCGTTGTTCGGAATTACTGGGCGTAAAGCGTACGTAGGCGGATCAGAAAGTAAGGGGTGAAATCCCAGGGCTCAACCCTGGAACTGCCTCTTAAACTCCTGGTCTTGAGTTCGAGAGAGGTGAGTGGAATTCCGAGTGTAGAGGTGAAATTCGTAGATATTCGGAGGAACACCAGTGGCGAAGGCGGCTCACTGGCTCGATACTGACGCTGAGGTACGAAAGTGTGGGGAGCAAACAGG
ASV246,Bacteria,Proteobacteria,Gammaproteobacteria,Cellvibrionales,Halieaceae,Halioglobus,NA,g:Halioglobus,TACGGAGGGTGCAAGCGTTAATCGGAATTACTGGGCGTAAAGCGCGCGTAGGCGGTTTGTTAAGTCGGATGTGAAAGCCCCGGGCTCAACCTGGGAATTGCATTCGATACTGGCCGACTAGAGTACGAGAGAGGGAGGTAGAATTCCACGTGTAGCGGTGAAATGCGTAGATATGTGGAGGAATACCGGTGGCGAAGGCGGCCTCCTGGCTCGATACTGACGCTGAGGTGCGAAAGCGTGGGTAGCAAACAGG
ASV272,Bacteria,Proteobacteria,Gammaproteobacteria,Alteromonadales,Shewanellaceae,Shewanella,NA,g:Shewanella,TACGAGGGGTGCAAGCGTTAATCGGAATTACTGGGCGTAAAGCGTACGCAGGCGGTTTGTTAAGCAAGATGTGAAAGCCCCGGGCTCAACCTGGGAACTGCATTTTGAACTGGCAAACTAGAGTCTTGTAGAGGGGGGTAGAATTTCAGGTGTAGCGGTGAAATGCGTAGAGATCTGAAGGAATACCGGTGGCGAAGGCGGCCCCCTGGACAAAGACTGACGCTCAGGTACGAAAGCGTGGGGAGCAAACAGG
ASV286,Bacteria,Proteobacteria,Alphaproteobacteria,Rhodobacterales,Rhodobacteraceae,NA,NA,f:Rhodobacteraceae,TACGGAGGGAACTAGCGTTGTTCGGAATTACTGGGCGTAAAGCGCACGTAGGCGGATCAGAAAGTAAGAGGTGAAATCCCAGGGCTCAACCCTGGAACTGCCTTTTAAACTCCTGGTCTTGAGTTCGAGAGAGGTGAGTGGAATTCCAAGTGTAGAGGTGAAATTCGTAGATATTTGGAGGAACACCAGTGGCGAAGGCGGCTCACTGGCTCGATACTGACGCTGAGGTGCGAAAGCGTGGGGAGCGAACAGG
ASV299,Bacteria,Planctomycetota,Planctomycetes,Pirellulales,Pirellulaceae,Rhodopirellula,NA,g:Rhodopirellula,GACGAACCGTCCAAACGTTATTCGGTATCACTGGGCTTAAAGCGTGCGTAGGCGGCTTGGTAGGTGTGATGTGAAAGCCCACGGCTCAACCGTGGAATTGCGTCGCAAACCCCCAAGCTTGAGGAAGACAGGGGTGTTGGGAACTTATGGTGGAGCGGTGAAATGCGTTGATATCATAGGGAACACCGGTGGCGAAGGCGCAACACTGGGTCTTTTCTGACGCTGAGGCACGAAAGCTAGGGTAGCGAACGGG
ASV303,Bacteria,Proteobacteria,Alphaproteobacteria,Rhodobacterales,Rhodobacteraceae,Sulfitobacter,brevis,Sulfitobacter brevis,TACGGAGGGGGTTAGCGTTGTTCGGAATTACTGGGCGTAAAGCGTACGTAGGCGGATCAGAAAGTATAGGGTGAAATCCCAGGGCTCAACCCTGGAACTGCCTTATAAACTCCTGGTCTTGAGTTCGAGAGAGGTGAGTGGAATTCCAAGTGTAGAGGTGAAATTCGTAGATATTTGGAGGAACACCAGTGGCGAAGGCGGCTCACTGGCTCGATACTGACGCTGAGGTACGAAAGTGTGGGGAGCAAACAGG
ASV327,Bacteria,Planctomycetota,Planctomycetes,Pirellulales,Pirellulaceae,Rhodopirellula,baltica/rubra,Rhodopirellula baltica/rubra,TACGTACCGTCCAAACGTTATTCGGTATCACTGGGCTTAAAGCGTTCGTAGGCGGCCTAGAAGGTGAGATGTGAAAGCCCACGGCTCAACCGTGGAATTGCGTTTCAAACCACTAGGCTTGAGGAAGACAGGGGTGATGGGAACTTATGGTGGAGCGGTGAAATGCGTTGATATCATAGGGAACACCGGTGGCGAAAGCGCATCACTGGGTCTTTTCTGACGCTGAGGAACGAAAGCTAGGGTAGCGAACGGG
ASV403,Bacteria,Proteobacteria,Alphaproteobacteria,Rhodobacterales,Rhodobacteraceae,Planktotalea,NA,g:Planktotalea,TACGGAGGGGGTTAGCGTTGTTCGGAATTACTGGGCGTAAAGCGCACGTAGGCGGATTAGTCAGTCAGAGGTGAAATCCCAGGGCTCAACCCTGGAACTGCCTTTGATACTGCTAGTCTTGAGTTCGAGAGAGGTGAGTGGAATTCCGAGTGTAGAGGTGAAATTCGTAGATATTCGGAGGAACACCAGTGGCGAAGGCGGCTCACTGGCTCGATACTGACGCTGAGGTGCGAAAGTGTGGGGAGCAAACAGG
ASV406,Bacteria,Proteobacteria,Alphaproteobacteria,Rhodobacterales,Rhodobacteraceae,Sulfitobacter,litoralis,Sulfitobacter litoralis,TACGGAGGGGGTTAGCGTTGTTCGGAATTACTGGGCGTAAAGCGTACGTAGGCGGATCAGAAAGTTAGGGGTGAAATCCCGAGGCTCAACCTCGGAACTGCCTCTAAAACTCCTGGTCTTGAGTTCGAGAGAGGTGAGTGGAATTCCAAGTGTAGAGGTGAAATTCGTAGATATTTGGAGGAACACCAGTGGCGAAGGCGGCTCACTGGCTCGATACTGACGCTGAGGTACGAAAGTGTGGGGAGCAAACAGG
ASV425,Bacteria,Proteobacteria,Gammaproteobacteria,HOC36,NA,NA,NA,o:HOC36,TACGGAGGGTGCAAGCGTTAATCGGAATTACTGGGCGTAAAGCGCGCGTAGGCGGCTGGGTAAGTCAGATGTGAAAGCCCCGGGCTCAACCTGGGAATTGCATTTGATACTGCCTGGCTAGAGTCTGTCAGAGGGTGGCGGAATTCCGGGTGTAGCGGTGAAATGCGTAGATATCCGGAGGAACACCAGTGGCGAAGGCGGCCACCTGGGACGAGACTGACGCTGAGGTGCGAAAGCGTGGGGAGCAAACAGG
ASV427,Bacteria,Proteobacteria,Alphaproteobacteria,Rhodobacterales,Rhodobacteraceae,Roseobacter,NA,g:Roseobacter,TACGGAGGGGGTTAGCGTTGTTCGGAATTACTGGGCGTAAAGCGCACGTAGGCGGATCAGAAAGTAAGGGGTGAAATCCCAGGGCTCAACCCTGGAACTGCCTCTTAAACTCCTGGTCTTGAGTTCGAGAGAGGTGAGTGGAATTCCAAGTGTAGAGGTGAAATTCGTAGATATTTGGAGGAACACCAGTGGCGAAGGCGGCTCACTGGCTCGATACTGACGCTGAGGTGCGAAAGTGTGGGGAGCAAACAGG
ASV430,Bacteria,Proteobacteria,Alphaproteobacteria,Rhizobiales,Hyphomicrobiaceae,Filomicrobium,NA,g:Filomicrobium,TACGAAGGGGGCTAGCGTTGTTCGGAATCACTGGGCGTAAAGCGCACGTAGGCGGACTGATCAGTTGGGGGTGAAATCCCAGGGCTCAACCCTGGAACTGCCTTCAATACTGTCAGTCTTGAGTCCGAGAGAGGTGAGTGGAATTCCTAGTGTAGAGGTGAAATTCGTAGATATTAGGAAGAACACCAGTGGCGAAGGCGGCTCACTGGCTCGGTACTGACGCTGAGGTGCGAAAGCGTGGGGAGCAAACAGG
ASV467,Bacteria,Proteobacteria,Alphaproteobacteria,Rhodobacterales,Rhodobacteraceae,Sulfitobacter,geojensis/pacificus,Sulfitobacter geojensis/pacificus,TACGGAGGGGGTTAGCGTTGTTCGGAATTACTGGGCGTAAAGCGTACGTAGGCGGATCAGAAAGTAGGGGGTGAAATCCCGAGGCTCAACCTCGGAACTGCCTCCTAAACTCCTGGTCTTGAGTTCGAGAGAGGTGAGTGGAATTCCAAGTGTAGAGGTGAAATTCGTAGATATTTGGAGGAACACCAGTGGCGAAGGCGGCTCACTGGCTCGATACTGACGCTGAGGTACGAAAGTGTGGGGAGCAAACAGG
ASV470,Bacteria,Proteobacteria,Alphaproteobacteria,Rhodobacterales,Rhodobacteraceae,Sulfitobacter,NA,g:Sulfitobacter,TACGGAGGGGGTTAGCGTTGTTCGGAATTACTGGGCGTAAAGCGTACGTAGGCGGATCAGAAAGTAGGGGGTGAAATCCCAGGGCTCAACCCTGGAACTGCCTCCTAAACTCCTGGTCTTGAGTTCGAGAGAGGTGAGTGGAATTCCAAGTGTAGAGGTGAAATTCGTAGATATTTGGAGGAACACCAGTGGCGAAGGCGGCTCACTGGCTCGATACTGACGCTGAGGTACGAAAGTGTGGGGAGCAAACAGG
ASV528,Bacteria,Firmicutes,Bacilli,Staphylococcales,Staphylococcaceae,Staphylococcus,NA,g:Staphylococcus,TACGTAGGTGGCAAGCGTTATCCGGAATTATTGGGCGTAAAGCGCGCGTAGGCGGTTTCTTAAGTCTGATGTGAAAGCCCACGGCTCAACCGTGGAGGGTCATTGGAAACTGGGAAACTTGAGTGCAGAAGAGGAAAGTGGAATTCCATGTGTAGCGGTGAAATGCGCAGAGATATGGAGGAACACCAGTGGCGAAGGCGACTTTCTGGTCTGTAACTGACGCTGATGTGCGAAAGCGTGGGGATCAAACAGG
ASV594,Bacteria,Firmicutes,Bacilli,Bacillales,Sporolactobacillaceae,Sporolactobacillus,NA,g:Sporolactobacillus,TACGTAGGTGGCAAGCGTTGTCCGGAATTATTGGGCGTAAAGCGCGCGCAGGCGGCTTCTTAAGTCTGATGTGAAATCTTGCGGCTCAACCGCAAGCGGTCATTGGAAACTGGGAGGCTTGAGTGCAGAAGAGGAGAGTGGAATTCCACGTGTAGCGGTGAAATGCGTAGAGATGTGGAGGAACACCAGTGGCGAAGGCGGCTCTCTGGTCTGTAACTGACGCTGAGGCGCGAAAGCGTGGGGAGCAAACAGG
ASV610,Bacteria,Proteobacteria,Alphaproteobacteria,Rhodobacterales,Rhodobacteraceae,Sulfitobacter,NA,g:Sulfitobacter,TACGGAGGGGGCTAGCGTTGTTCGGAATTACTGGGCGTAAAGCGCACGTAGGCGGATCAGAAAGTAAGGGGTGAAATCCCGAGGCTCAACCTCGGAACTGCCTCTTAAACTCCTGGTCTTGAGTTCGAGAGAGGTGAGTGGAATTCCAAGTGTAGAGGTGAAATTCGTAGATATTTGGAGGAACACCAGTGGCGAAGGCGGCTCACTGGCTCGATACTGACGCTGAGGTGCGAAAGTGTGGGGAGCAAACAGG
ASV655,Bacteria,Proteobacteria,Gammaproteobacteria,Cellvibrionales,Halieaceae,Halioglobus,NA,g:Halioglobus,TACGGAGGGTGCGAGCGTTAATCGGAATTACTGGGCGTAAAGCGCGCGTAGGCGGTTAGTTAAGTCGGATGTGAAAGCCCTGGGCTCAACCTGGGAACTGCATTCGATACTGGCCCACTAGAGTGCGAGAGAGGGAGGTAGAATTCCACGTGTAGCGGTGAAATGCGTAGATATGTGGAGGAATACCGGTGGCGAAGGCGGCCTCCTGGCTCGACACTGACGCTGAGGTGCGAAAGCGTGGGGAGCAAACAGG
ASV797,Bacteria,Actinobacteriota,Actinobacteria,Corynebacteriales,Corynebacteriaceae,Corynebacterium,NA,g:Corynebacterium,TACGTAGGGTGCGAGCGTTGTCCGGAATTACTGGGCGTAAAGAGCTCGTAGGTGGTTTGTCGCGTCGTCTGTGAAATTCCGGGGCTTAACTCCGGGCGTGCAGGCGATACGGGCATAACTTGAGTGCTGTAGGGGAGACTGGAATTCCTGGTGTAGCGGTGAAATGCGCAGATATCAGGAGGAACACCGATGGCGAAGGCAGGTCTCTGGGCAGTAACTGACGCTGAGGAGCGAAAGCATGGGTAGCGAACAGG
ASV812,Bacteria,Verrucomicrobiota,Verrucomicrobiae,Verrucomicrobiales,DEV007,NA,NA,f:DEV007,TACAGAGGTCTCAAGCGTTGTTCGGAATCACTGGGCGTAAAGCGTATGTAGGCTGTACGGTAAGTCAGATGTGAAAGCCCAGGGCTCAACCCTGGAACTGCATCCGATACTGCCATACTAGAGTAGTGGAGGGGTATATGGAATTCACGGTGTAGCAGTGAAATGCGTAGATATCGTGAGGAACACTGGCGGCGAAGGCGATATACTGGACACTCACTGACGCTGAGATACGAAGGCTAGGGTAGCGAAAGGG
ASV914,Bacteria,Planctomycetota,Planctomycetes,Pirellulales,Pirellulaceae,Rhodopirellula,NA,g:Rhodopirellula,CACGAACCGTACGAACGTTATTCGGAATCACTGGGCTTAAAGCGTGCGTAGGCGGCCTAGCAAGTTGGGTGTGAAAGCCCTCGGCTCAACCGAGGAATTGCGCCCAAAACTGCTAGACTTGAGGAAGATAGAGGTGAGCGGAACTGATGGTGGAGCGGTGAAATGCGTTGATATCATTAGGAACACCGGTGGCGAAAGCGGCTCACTGGGTCTTTTCTGACGCTGAGGTACGAAAGCTAGGGGAGCGAACGGG
ASV934,Bacteria,Planctomycetota,Planctomycetes,Pirellulales,Pirellulaceae,Rubripirellula,NA,g:Rubripirellula,GACGAACCGTCCAAACGTTATTCGGTATCACTGGGCTTAAAGCGTGCGTAGGCGGCTTGGTAGGTGAGATGTGAAAGCCCACGGCTCAACCGTGGAACAGCGTCTCAAACCCCCAAGCTCGAGGAAGATAGGGGTGATGGGAACTTATGGTGGAGCGGTGAAATGCGTTGATATCATAGGGAACACCGGTGGCGAAAGCGCATCACTGGGTCTTTTCTGACGCTGAGGCACGAAAGCTAGGGTAGCGAACGGG
ASV1036,Bacteria,Planctomycetota,Planctomycetes,Planctomycetales,Rubinisphaeraceae,NA,NA,f:Rubinisphaeraceae,CACGTACTGTGCGAACGTTATTCGGAATCACTGGGCTTAAAGGGTGCGTAGGCGGCTTTGCAAGTCAGATGTGAAATGCCACAGCTCAACTGTGGCACTGCGTTTGAAACTGCATGGCTTGAGTATTCCAGGGGTGAGCGGAACTGCCAGTGGAGCGGTGAAATGTGTTGATATTGGCAGGAACACCGGTGGCGAAAGCGGCTCACTGGGGGATAACTGACGCTGAGGCACGAAAGCCAGGGGAGCGAACGGG
ASV1051,Bacteria,Proteobacteria,Alphaproteobacteria,Rhizobiales,Hyphomicrobiaceae,Filomicrobium,NA,g:Filomicrobium,TACGAAGGGGGCTAGCGTTGTTCGGAATCACTGGGCGTAAAGCGCACGTAGGCGGATTTGTAAGTTAGGGGTGAAATCCCGGGGCTCAACCTCGGAACTGCCTTTGATACTGCAAGTCTAGAGTCCGAGAGAGGTGAGTGGAATTCCTAGTGTAGAGGTGAAATTCGTAGATATTAGGAAGAACACCAGTGGCGAAGGCGGCTCACTGGCTCGGTACTGACGCTGAGGTGCGAAAGCGTGGGGAGCAAACAGG
ASV1113,Bacteria,Proteobacteria,Alphaproteobacteria,Rhizobiales,Rhizobiaceae,Pseudahrensia,NA,g:Pseudahrensia,TACGAAGGGGGCTAGCGTTGTTCGGAATAACTGGGCGTAAAGCGCACGTAGGCGGATTGTTAAGTTAGGGGTGAAATCCCAGGGCTCAACCCTGGAACTGCCTCTGATACTGGCAATCTAGAGTTCGAGAGAGGTGAGTGGAATTCCGAGTGTAGAGGTGAAATTCGTAGATATTCGGAGGAACACCAGTGGCGAAGGCGGCTCACTGGCTCGATACTGACGCTGAGGTGCGAAAGCGTGGGGAGCAAACAGG
ASV1338,Bacteria,Planctomycetota,Planctomycetes,Pirellulales,Pirellulaceae,Blastopirellula,NA,g:Blastopirellula,CACGAACCGGGCAAACGTTATTCGGAATTACTGGGCTTAAAGGGTGCGTAGGCGGCGCTATAAGTCGGGTGTGAAATCCCACGGCTCAACCGTGGAACTGCGCCCGATACTGTAGTGCTTGAGGAAGATAGAGGTGAGCGGAACGAATGGTGGAGCGGTGAAATGCGTTGATATCATTCGGAACACCCGTGGCGAAAGCGGCTCACTGGGTCTTTTCTGACGCTGAGGCACGAAAGCTAGGGGAGCGAACGGG
ASV1387,Bacteria,Firmicutes,Clostridia,Peptostreptococcales-Tissierellales,Peptostreptococcales-Tissierellales_fa,Peptoniphilus,NA,g:Peptoniphilus,TACGTAGGGGGCGAGCGTTGTCCGGAATTATTGGGCGTAAAGGGTTCGCAGGCGGAAATATAAGTCAGGTGTAAAAGGCGGAGGCTCAACCTCCGTAAGCATTTGAAACTATATTTCTTGAGATATGGAGAGGTAAGTGGAATTCCTAGTGTAGCGGTGAAATGCGTAGATATTAGGAGGAATACCAGTGGCGAAGGCGACTTACTGGACATATACTGACGCTGAGGAACGAAAGCATGGGTAGCAAACAGG
ASV1881,Bacteria,Firmicutes,Bacilli,Lactobacillales,Leuconostocaceae,Leuconostoc,NA,g:Leuconostoc,TACGTATGTCCCGAGCGTTATCCGGATTTATTGGGCGTAAAGCGAGCGCAGACGGTTGATTAAGTCTGATGTGAAAGCCCGGAGCTCAACTCCGGAATGGCATTGGAAACTGGTTAACTTGAGTGTTGTAGAGGTAAGTGGAACTCCATGTGTAGCGGTGGAATGCGTAGATATATGGAAGAACACCAGTGGCGAAGGCGGCTTACTGGACAACAACTGACGTTGAGGCTCGAAAGTGTGGGTAGCAAACAGG
